Node_for_20_to_30_age_eyes,Act_for_20_to_30_age_eyes,Frequency_for_20_to_30_age_eyes,32_output_weights,output_20_to_30_age_eyes_compScore,Node_for_20_to_30_age_mouth,Act_for_20_to_30_age_mouth,Frequency_for_20_to_30_age_mouth,75_output_weights,output_20_to_30_age_mouth_compScore,Node_for_20_to_30_age_forehead,Act_for_20_to_30_age_forehead,Frequency_for_20_to_30_age_forehead,31_output_weights,output_20_to_30_age_forehead_compScore,Node_for_20_to_30_age_nose,Act_for_20_to_30_age_nose,Frequency_for_20_to_30_age_nose,30_output_weights,output_20_to_30_age_nose_compScore
8,9.499072751998902,1.0,0.1651852,1.0,6.0,1.7953190631591356,0.6912751677852349,0.37618577,1.0,6,2.7641005529754463,0.5771812080536913,0.37618577,1.0,6,5.998178296089172,1.0,0.37618577,1.0
6,2.995739860004849,0.5973154362416108,0.37618577,0.9431554182246729,8.0,2.0448415465652943,0.2080536912751678,0.1651852,0.7878095165162361,8,5.320777769088745,1.0,0.1651852,0.9685273600634402,1,7.3912655639648435,1.0,0.21189669,0.852054935474051
1,1.8333803415298462,0.12080536912751678,0.21189669,0.848215397545578,7.0,4.645341987609863,1.0,-0.12699442,0.20471228587947726,1,2.0408187253134593,0.040268456375838924,0.21189669,0.8811968102996315,8,6.547626156806945,1.0,0.1651852,0.7481841998376172
7,7.661175896326701,1.0,-0.12699442,0.673187167772448,4.0,1.6618783275286357,0.03355704697986577,-0.44174987,0.11407642529048677,7,8.447157119115193,1.0,-0.12699442,0.5867799449379506,7,8.454466290473938,1.0,-0.12699442,0.28623598650300813
4,4.889613465468089,0.7986577181208053,-0.44174987,0.5205745494440062,3.0,2.0424953615942667,0.28187919463087246,-0.44829017,0.0,3,4.635085607535087,0.9932885906040269,-0.44829017,0.39017633257438733,3,3.203533347696066,0.8523489932885906,-0.44829017,0.208551100565187
3,13.850730991363525,1.0,-0.44829017,0.0,,,,,,4,9.219269479115804,1.0,-0.44174987,0.0,4,5.453578097708273,0.9932885906040269,-0.44174987,0.0
