Node_for_40_to_50_age_eyes,Act_for_40_to_50_age_eyes,Frequency_for_40_to_50_age_eyes,33_output_weights_x,output_40_to_50_age_eyes_compScore,Node_for_40_to_50_age_mouth,Act_for_40_to_50_age_mouth,Frequency_for_40_to_50_age_mouth,84_output_weights,output_40_to_50_age_mouth_compScore,Node_for_40_to_50_age_forehead,Act_for_40_to_50_age_forehead,Frequency_for_40_to_50_age_forehead,32_output_weights,output_40_to_50_age_forehead_compScore,Node_for_40_to_50_age_nose,Act_for_40_to_50_age_nose,Frequency_for_40_to_50_age_nose,33_output_weights_y,output_40_to_50_age_nose_compScore
8,8.404201421737671,1.0,0.1651852,1.0,6.0,1.7799265709790317,0.6577181208053692,0.37618577,1.0,6,2.5849402487277984,0.5302013422818792,0.37618577,1.0,6,5.856040023167928,1.0,0.37618577,1.0
6,2.6725570304053172,0.46308724832214765,0.37618577,0.9479499537096848,8.0,1.7354891195016748,0.2214765100671141,0.1651852,0.7613653673041897,8,5.08037052154541,1.0,0.1651852,0.9752803999700048,1,6.864619522094727,1.0,0.21189669,0.8184099279781297
1,2.055916272676908,0.08053691275167785,0.21189669,0.8704963743800215,7.0,4.759893771807353,1.0,-0.12699442,0.205978463384217,1,3.6789801120758057,0.006711409395973154,0.21189669,0.9642138737461656,8,5.436862401167551,1.0,0.1651852,0.6833761693568964
7,6.2492888949861465,0.9932885906040269,-0.12699442,0.7033819709223199,4.0,1.5289477308591206,0.03355704697986577,-0.44174987,0.16177190314911652,7,8.354159196217855,1.0,-0.12699442,0.622690299210223,7,7.559205055236816,1.0,-0.12699442,0.23252043638772069
4,3.828313727189999,0.6711409395973155,-0.44174987,0.5813656714638245,3.0,2.085673159741341,0.3087248322147651,-0.44829017,0.0,3,4.327843085130056,1.0,-0.44829017,0.4595457307160379,3,2.758022709025277,0.7181208053691275,-0.44829017,0.16544829865676092
3,13.31189006169637,1.0,-0.44829017,0.0,,,,,,4,9.998089599609376,1.0,-0.44174987,0.0,4,4.342366380234287,0.9731543624161074,-0.44174987,0.0
