Node_for_100_to_110_age_eyes,Act_for_100_to_110_age_eyes,Frequency_for_100_to_110_age_eyes,37_output_weights,output_100_to_110_age_eyes_compScore,Node_for_100_to_110_age_mouth,Act_for_100_to_110_age_mouth,Frequency_for_100_to_110_age_mouth,84_output_weights,output_100_to_110_age_mouth_compScore,Node_for_100_to_110_age_forehead,Act_for_100_to_110_age_forehead,Frequency_for_100_to_110_age_forehead,38_output_weights,output_100_to_110_age_forehead_compScore,Node_for_100_to_110_age_nose,Act_for_100_to_110_age_nose,Frequency_for_100_to_110_age_nose,35_output_weights,output_100_to_110_age_nose_compScore
8.0,6.535584790366037,1.0,0.1651852,1.0,6.0,2.4282144705454507,0.3333333333333333,0.37618577,1.0,6.0,2.4457409977912903,0.16666666666666666,0.37618577,1.0,6,5.337664774485996,1.0,0.37618577,1.0
6.0,1.1499046087265015,0.0,0.37618577,0.8986666859425463,8.0,1.1104974746704102,0.0,0.1651852,0.4749504645962022,8.0,3.455244473048619,1.0,0.1651852,0.9140149320342502,1,7.5735714094979425,1.0,0.21189669,0.90272846275252
7.0,4.418198892048427,1.0,-0.12699442,0.7430397005528865,7.0,3.3476226727167764,0.8333333333333334,-0.12699442,0.037254196030651374,7.0,7.353677953992571,1.0,-0.12699442,0.5436265159684008,8,3.8018227418263755,0.8333333333333334,0.1651852,0.6670384416817225
2.0,1.8708646297454834,0.0,-0.32893398,0.7345345940403389,3.0,1.063880443572998,0.0,-0.44829017,0.0,3.0,4.267952476228986,1.0,-0.44829017,0.30253071370960766,5,1.081351399421692,0.0,0.36600673,0.61100641695813
4.0,2.0640981197357178,0.16666666666666666,-0.44174987,0.6881088638224953,,,,,,4.0,7.113196577344622,1.0,-0.44174987,0.0,7,5.923810822623117,1.0,-0.12699442,0.333993136469271
3.0,11.834585871015276,1.0,-0.44829017,0.0,,,,,,,,,,,4,4.294756140027728,1.0,-0.44174987,0.0577412955661331
,,,,,,,,,,,,,,,3,4.7659196853637695,0.0,-0.44829017,0.0
