Node_for_30_to_40_age_eyes,Act_for_30_to_40_age_eyes,Frequency_for_30_to_40_age_eyes,32_output_weights_x,output_30_to_40_age_eyes_compScore,Node_for_30_to_40_age_mouth,Act_for_30_to_40_age_mouth,Frequency_for_30_to_40_age_mouth,68_output_weights,output_30_to_40_age_mouth_compScore,Node_for_30_to_40_age_forehead,Act_for_30_to_40_age_forehead,Frequency_for_30_to_40_age_forehead,32_output_weights_y,output_30_to_40_age_forehead_compScore,Node_for_30_to_40_age_nose,Act_for_30_to_40_age_nose,Frequency_for_30_to_40_age_nose,34_output_weights,output_30_to_40_age_nose_compScore
8.0,8.51996825536092,1.0,0.1651852,1.0,6.0,1.898663661895542,0.7248322147651006,0.37618577,1.0,6.0,2.697071134342867,0.5637583892617449,0.37618577,1.0,6,5.517230237325032,1.0,0.37618577,1.0
6.0,2.745498514175415,0.4966442953020134,0.37618577,0.9482617219453728,8.0,1.8638641834259033,0.22818791946308725,0.1651852,0.7441991188194931,8.0,5.3213539314270015,1.0,0.1651852,0.9739548322899492,1,6.717672224839529,1.0,0.21189669,0.8428676814867138
1.0,1.9834869398790247,0.10738255033557047,0.21189669,0.8636523122482773,7.0,4.688310311635335,1.0,-0.12699442,0.17560592342612438,1.0,2.06324831644694,0.053691275167785234,0.21189669,0.8890884625296768,8,5.790303889537018,0.9932885906040269,0.1651852,0.7303340744717002
7.0,6.709034859339396,1.0,-0.12699442,0.6879056233173022,4.0,1.5227922882352556,0.040268456375838924,-0.44174987,0.12694444211202802,7.0,8.5494309647878,1.0,-0.12699442,0.5965551153092048,5,1.3492850065231323,0.0,0.36600673,0.6188499159713413
4.0,3.9743189144571986,0.7248322147651006,-0.44174987,0.5630828168378555,3.0,1.9504293945100573,0.2953020134228188,-0.44829017,0.0,3.0,4.5366603374481205,1.0,-0.44829017,0.4144552054511637,7,7.71109411239624,1.0,-0.12699442,0.2638566526059136
3.0,13.009539229075115,1.0,-0.44829017,0.0,,,,,,4.0,9.488151418368021,1.0,-0.44174987,0.0,3,2.8912803909052975,0.7651006711409396,-0.44829017,0.1874976067154042
,,,,,,,,,,,,,,,4,4.695395201852877,0.9731543624161074,-0.44174987,0.0
